n_src,n_src_per_leaf,eps,L,time_planewave,time_window,time_difference,time_residual,time_total
4000,200,0.001,15.874,0.00976302,5.6e-06,2.71e-07,0.0552517,0.0650206
8000,200,0.001,20,0.0196093,5.581e-06,1e-07,0.180203,0.199818
16000,200,0.001,25.1984,0.161865,6.963e-06,0.0465036,0.101754,0.310129
32000,200,0.001,31.748,0.323325,6.092e-06,0.046472,0.378691,0.748495
64000,200,0.001,40,0.641049,6.843e-06,0.0460979,1.4159,2.10305
128000,200,0.001,50.3968,2.23619,7.915e-06,0.437098,0.803146,3.47644
256000,200,0.001,63.496,4.46795,7.694e-06,0.437511,2.98355,7.88902
512000,200,0.001,80,8.9431,7.624e-06,0.438657,11.3514,20.7331
1024000,200,0.001,100.794,25.6279,8.406e-06,3.56373,6.4406,35.6322
