n_src,n_src_per_leaf,eps,L,time_planewave,time_window,time_difference,time_residual,time_total
4000,200,0.001,15.874,0.00342136,2.645e-06,3.3e-07,0.0312551,0.0346795
8000,200,0.001,20,0.00965715,2.194e-06,1.8e-07,0.1164,0.126059
16000,200,0.001,25.1984,0.0205671,2.284e-06,0.00277942,0.0703703,0.0937191
32000,200,0.001,31.748,0.0410801,2.475e-06,0.00276206,0.251973,0.295818
64000,200,0.001,40,0.0820074,2.575e-06,0.00276177,0.932396,1.01717
128000,200,0.001,50.3968,0.222026,3.267e-06,0.0250018,0.562031,0.809062
256000,200,0.001,63.496,0.441191,3.797e-06,0.0253655,2.00377,2.47033
512000,200,0.001,80,0.882009,4.278e-06,0.0261921,7.42795,8.33616
1024000,200,0.001,100.794,2.21082,4.258e-06,0.208731,4.49517,6.91472
