n_src,n_src_per_leaf,eps,L,time_planewave,time_window,time_difference,time_residual,time_total
4000,200,0.0001,15.874,0.0656678,2.3234e-05,5.51e-07,0.049921,0.115613
8000,200,0.0001,20,0.132079,2.2674e-05,5.31e-07,0.202795,0.334898
16000,200,0.0001,25.1984,1.10761,2.8996e-05,0.204903,0.106667,1.41921
32000,200,0.0001,31.748,2.18939,2.8504e-05,0.205169,0.39598,2.79057
64000,200,0.0001,40,4.35839,2.7643e-05,0.202981,1.48334,6.04474
