n_src,n_src_per_leaf,eps,L,time_planewave,time_window,time_difference,time_residual,time_total
4000,200,0.0001,15.874,3.27755,0.000782833,1.112e-06,0.180003,3.45833
8000,200,0.0001,20,7.33258,0.000650394,8.81e-07,0.653675,7.9869
16000,200,0.0001,25.1984,56.8605,0.000836053,8.3964,0.331115,65.5889
