n_src,n_src_per_leaf,eps,L,time_outgoing_pw,time_incoming_pw,time_window,time_difference,time_residual,time_total
4000,100,0.001,15.874,0.0621828,5.89e-06,6.31e-06,2.21e-06,0.0267976,0.0889948
8000,100,0.001,20,0.0355961,0.0028328,3.21e-06,0.000169705,0.0212989,0.0599006
16000,100,0.001,25.1984,0.0453715,0.00304202,3.611e-06,0.000188615,0.0589399,0.107546
32000,100,0.001,31.748,0.0677675,0.00343018,4.47e-06,0.000229437,0.214805,0.286237
64000,100,0.001,40,0.183844,0.0259788,5.771e-06,0.00374298,0.14213,0.355702
128000,100,0.001,50.3968,0.348235,0.0260661,4.68e-06,0.0033324,0.472663,0.850301
256000,100,0.001,63.496,1.64738,0.0259014,5.17e-06,0.0038218,1.72486,3.40196
512000,100,0.001,80,3.90228,0.321534,1.337e-05,0.0337891,1.1381,5.39572
1024000,100,0.001,100.794,5.04272,0.324167,1.3151e-05,0.0390747,3.81305,9.21902
