n_src,n_src_per_leaf,eps,L,time_planewave,time_window,time_difference,time_residual,time_total
2000,200,0.0001,12.5992,0.243816,0.000104026,5.81e-07,0.0163201,0.260241
4000,200,0.0001,15.874,0.443045,7.4781e-05,7.72e-07,0.0250112,0.468132
8000,200,0.0001,20,0.72862,8.7455e-05,5.81e-07,0.10491,0.833617
16000,200,0.0001,25.1984,6.25056,5.8651e-05,0.804738,0.130687,7.18605
32000,200,0.0001,31.748,11.978,9.1603e-05,0.972925,0.194402,13.1455
64000,200,0.0001,40,25.0786,9.549e-05,1.31134,0.782993,27.1731
