n_src,n_src_per_leaf,eps,L,depth,time_planewave,time_window,time_difference,time_residual,time_total
10000,500,0.001,3.68403,4,1.82814e-06,2.21143e-06,2.765e-08,2.81587e-05,3.22259e-05
80000,500,0.001,7.36806,5,6.72037e-06,2.33989e-06,0.000279219,2.87772e-05,0.000317056
640000,500,0.001,14.7361,6,1.18367e-05,2.40916e-06,0.000623971,3.79698e-05,0.000676187
5120000,500,0.001,29.4723,7,1.69436e-05,2.38265e-06,0.00103713,3.8468e-05,0.00109492
