n_src,n_src_per_leaf,eps,L,depth,time_planewave,time_window,time_difference,time_residual,time_total
10000,500,0.001,3.68403,4,0.000144551,3.32048e-05,7.105e-08,0.000219251,0.000397077
80000,500,0.001,7.36806,5,0.000725603,2.75206e-05,0.0030873,0.00045133,0.00429175
640000,500,0.001,14.7361,6,0.0012667,3.18311e-05,0.0057179,0.00030362,0.00732005
