n_src,n_src_per_leaf,eps,L,depth,abserr_dmk,abserr_ewald,relerr_dmk,relerr_ewald
10000,500,0.001,3.68403,4,0.0021553,0.00339497,0.000135886,0.00019596
20000,500,0.001,4.64159,4,0.00185916,0.00292161,0.000261172,0.000177704
40000,500,0.001,5.84804,5,0.00236984,0.00420274,0.000163754,0.000294627
80000,500,0.001,7.36806,5,0.0026024,0.00579127,0.000512364,0.00142883
160000,500,0.001,9.28318,5,0.00351294,0.00542482,0.000242549,0.000652954
320000,500,0.001,11.6961,6,0.00399184,0.00433576,0.000150122,0.000159079
